{
    "hambre": 58.90000000000013,
    "felicidad": 48.21999999999972,
    "suciedad": 2.6699999999999973
}